{"university of michigan4bf58dd8d48988d16d941735": {"venues": [{"id": "59664eabc9a51733e8474677", "name": "Cafe 32", "location": {"address": "1011 N University Ave", "crossStreet": "Fletcher St", "lat": 42.279269, "lng": -83.736567, "labeledLatLngs": [{"label": "display", "lat": 42.279269, "lng": -83.736567}], "postalCode": "48109", "cc": "US", "city": "Ann Arbor", "state": "MI", "country": "United States", "formattedAddress": ["1011 N University Ave (Fletcher St)", "Ann Arbor, MI 48109", "United States"]}, "categories": [{"id": "4bf58dd8d48988d16d941735", "name": "Caf\u00e9", "pluralName": "Caf\u00e9s", "shortName": "Caf\u00e9", "icon": {"prefix": "https://ss3.4sqi.net/img/categories_v2/food/cafe_", "suffix": ".png"}, "primary": true}], "referralId": "v-1587822286", "hasPerk": false}, {"id": "4b2d6c73f964a52061d624e3", "name": "Plum Market", "location": {"address": "375 Maple Rd", "crossStreet": "at Dexter", "lat": 42.28466623000963, "lng": -83.78159445742747, "labeledLatLngs": [{"label": "display", "lat": 42.28466623000963, "lng": -83.78159445742747}, {"label": "entrance", "lat": 42.284864, "lng": -83.781032}], "postalCode": "48103", "cc": "US", "city": "Ann Arbor", "state": "MI", "country": "United States", "formattedAddress": ["375 Maple Rd (at Dexter)", "Ann Arbor, MI 48103", "United States"]}, "categories": [{"id": "4bf58dd8d48988d118951735", "name": "Grocery Store", "pluralName": "Grocery Stores", "shortName": "Grocery Store", "icon": {"prefix": "https://ss3.4sqi.net/img/categories_v2/shops/food_grocery_", "suffix": ".png"}, "primary": true}], "referralId": "v-1587822286", "hasPerk": false}, {"id": "5998735909e2837b2f45a953", "name": "Argus Farm Stop", "location": {"address": "1200 Packard St", "crossStreet": "Wells", "lat": 42.26587939965648, "lng": -83.7353114110992, "labeledLatLngs": [{"label": "display", "lat": 42.26587939965648, "lng": -83.7353114110992}], "postalCode": "48104", "cc": "US", "city": "Ann Arbor", "state": "MI", "country": "United States", "formattedAddress": ["1200 Packard St (Wells)", "Ann Arbor, MI 48104", "United States"]}, "categories": [{"id": "50be8ee891d4fa8dcc7199a7", "name": "Market", "pluralName": "Markets", "shortName": "Market", "icon": {"prefix": "https://ss3.4sqi.net/img/categories_v2/shops/market_", "suffix": ".png"}, "primary": true}], "referralId": "v-1587822286", "hasPerk": false}, {"id": "4fbcea72e4b0d3faf0a3ee5d", "name": "SONGBiRD Cafe", "location": {"address": "2707 Plymouth Rd", "crossStreet": "Nixon", "lat": 42.30357451574643, "lng": -83.70679025532617, "labeledLatLngs": [{"label": "display", "lat": 42.30357451574643, "lng": -83.70679025532617}, {"label": "entrance", "lat": 42.303887, "lng": -83.706927}], "postalCode": "48105", "cc": "US", "city": "Ann Arbor", "state": "MI", "country": "United States", "formattedAddress": ["2707 Plymouth Rd (Nixon)", "Ann Arbor, MI 48105", "United States"]}, "categories": [{"id": "4bf58dd8d48988d16d941735", "name": "Caf\u00e9", "pluralName": "Caf\u00e9s", "shortName": "Caf\u00e9", "icon": {"prefix": "https://ss3.4sqi.net/img/categories_v2/food/cafe_", "suffix": ".png"}, "primary": true}], "venuePage": {"id": "34702174"}, "referralId": "v-1587822286", "hasPerk": false}, {"id": "56322e42498ec64310ac5b76", "name": "Plum Market", "location": {"address": "3601 Plymouth Rd", "crossStreet": "Green Road", "lat": 42.30584057758716, "lng": -83.69102830477632, "labeledLatLngs": [{"label": "display", "lat": 42.30584057758716, "lng": -83.69102830477632}], "postalCode": "48105", "cc": "US", "neighborhood": "Northeast Ann Arbor", "city": "Ann Arbor", "state": "MI", "country": "United States", "formattedAddress": ["3601 Plymouth Rd (Green Road)", "Ann Arbor, MI 48105", "United States"]}, "categories": [{"id": "4bf58dd8d48988d118951735", "name": "Grocery Store", "pluralName": "Grocery Stores", "shortName": "Grocery Store", "icon": {"prefix": "https://ss3.4sqi.net/img/categories_v2/shops/food_grocery_", "suffix": ".png"}, "primary": true}], "referralId": "v-1587822286", "hasPerk": false}, {"id": "4b0ffc89f964a520156723e3", "name": "Panera Bread", "location": {"address": "3205 Washtenaw Ave", "lat": 42.25806, "lng": -83.697208, "labeledLatLngs": [{"label": "display", "lat": 42.25806, "lng": -83.697208}], "postalCode": "48104", "cc": "US", "city": "Ann Arbor", "state": "MI", "country": "United States", "formattedAddress": ["3205 Washtenaw Ave", "Ann Arbor, MI 48104", "United States"]}, "categories": [{"id": "4bf58dd8d48988d16a941735", "name": "Bakery", "pluralName": "Bakeries", "shortName": "Bakery", "icon": {"prefix": "https://ss3.4sqi.net/img/categories_v2/food/bakery_", "suffix": ".png"}, "primary": true}], "delivery": {"id": "1247333", "url": "https://www.grubhub.com/restaurant/panera-bread-3205-washtenaw-ave-ann-arbor/1247333?affiliate=1131&utm_source=foursquare-affiliate-network&utm_medium=affiliate&utm_campaign=1131&utm_content=1247333", "provider": {"name": "grubhub", "icon": {"prefix": "https://fastly.4sqi.net/img/general/cap/", "sizes": [40, 50], "name": "/delivery_provider_grubhub_20180129.png"}}}, "referralId": "v-1587822286", "hasPerk": false}, {"id": "4b3bc970f964a520357b25e3", "name": "Panera Bread", "location": {"address": "903 W Eisenhower Pkwy", "lat": 42.245618, "lng": -83.758975, "labeledLatLngs": [{"label": "display", "lat": 42.245618, "lng": -83.758975}], "postalCode": "48103", "cc": "US", "city": "Ann Arbor", "state": "MI", "country": "United States", "formattedAddress": ["903 W Eisenhower Pkwy", "Ann Arbor, MI 48103", "United States"]}, "categories": [{"id": "4bf58dd8d48988d16a941735", "name": "Bakery", "pluralName": "Bakeries", "shortName": "Bakery", "icon": {"prefix": "https://ss3.4sqi.net/img/categories_v2/food/bakery_", "suffix": ".png"}, "primary": true}], "delivery": {"id": "1247051", "url": "https://www.grubhub.com/restaurant/panera-bread-903-w-eisenhower-pkwy-ann-arbor/1247051?affiliate=1131&utm_source=foursquare-affiliate-network&utm_medium=affiliate&utm_campaign=1131&utm_content=1247051", "provider": {"name": "grubhub", "icon": {"prefix": "https://fastly.4sqi.net/img/general/cap/", "sizes": [40, 50], "name": "/delivery_provider_grubhub_20180129.png"}}}, "referralId": "v-1587822286", "hasPerk": false}, {"id": "4b27cfe7f964a520678a24e3", "name": "Panera Bread", "location": {"address": "37800 6 Mile Rd", "crossStreet": "at Newburgh Rd", "lat": 42.41148948976979, "lng": -83.41726005681801, "labeledLatLngs": [{"label": "display", "lat": 42.41148948976979, "lng": -83.41726005681801}], "postalCode": "48152", "cc": "US", "city": "Livonia", "state": "MI", "country": "United States", "formattedAddress": ["37800 6 Mile Rd (at Newburgh Rd)", "Livonia, MI 48152", "United States"]}, "categories": [{"id": "4bf58dd8d48988d16a941735", "name": "Bakery", "pluralName": "Bakeries", "shortName": "Bakery", "icon": {"prefix": "https://ss3.4sqi.net/img/categories_v2/food/bakery_", "suffix": ".png"}, "primary": true}], "delivery": {"id": "1119234", "url": "https://www.grubhub.com/restaurant/panera-bread-37800-6-mile-rd-livonia/1119234?affiliate=1131&utm_source=foursquare-affiliate-network&utm_medium=affiliate&utm_campaign=1131&utm_content=1119234", "provider": {"name": "grubhub", "icon": {"prefix": "https://fastly.4sqi.net/img/general/cap/", "sizes": [40, 50], "name": "/delivery_provider_grubhub_20180129.png"}}}, "referralId": "v-1587822286", "hasPerk": false}, {"id": "4b62fa7cf964a520e75b2ae3", "name": "Zingerman's Coffee Company", "location": {"address": "3723 Plaza Dr", "lat": 42.232502303905626, "lng": -83.74838945823478, "labeledLatLngs": [{"label": "display", "lat": 42.232502303905626, "lng": -83.74838945823478}, {"label": "entrance", "lat": 42.232055, "lng": -83.748852}], "postalCode": "48108", "cc": "US", "city": "Ann Arbor", "state": "MI", "country": "United States", "formattedAddress": ["3723 Plaza Dr", "Ann Arbor, MI 48108", "United States"]}, "categories": [{"id": "4bf58dd8d48988d1e0931735", "name": "Coffee Shop", "pluralName": "Coffee Shops", "shortName": "Coffee Shop", "icon": {"prefix": "https://ss3.4sqi.net/img/categories_v2/food/coffeeshop_", "suffix": ".png"}, "primary": true}], "venuePage": {"id": "89367340"}, "referralId": "v-1587822286", "hasPerk": false}, {"id": "4ab11dd8f964a5201b6820e3", "name": "Panera Bread", "location": {"address": "20140 Haggerty Rd", "lat": 42.435755, "lng": -83.433004, "labeledLatLngs": [{"label": "display", "lat": 42.435755, "lng": -83.433004}, {"label": "entrance", "lat": 42.435783, "lng": -83.433148}], "postalCode": "48152", "cc": "US", "city": "Livonia", "state": "MI", "country": "United States", "formattedAddress": ["20140 Haggerty Rd", "Livonia, MI 48152", "United States"]}, "categories": [{"id": "4bf58dd8d48988d16a941735", "name": "Bakery", "pluralName": "Bakeries", "shortName": "Bakery", "icon": {"prefix": "https://ss3.4sqi.net/img/categories_v2/food/bakery_", "suffix": ".png"}, "primary": true}], "delivery": {"id": "1247496", "url": "https://www.grubhub.com/restaurant/panera-bread-20140-haggerty-rd-livonia/1247496?affiliate=1131&utm_source=foursquare-affiliate-network&utm_medium=affiliate&utm_campaign=1131&utm_content=1247496", "provider": {"name": "grubhub", "icon": {"prefix": "https://fastly.4sqi.net/img/general/cap/", "sizes": [40, 50], "name": "/delivery_provider_grubhub_20180129.png"}}}, "referralId": "v-1587822286", "hasPerk": false}, {"id": "4bb7d947314e952185cf479d", "name": "Panera Bread", "location": {"address": "25875 Novi Rd", "lat": 42.479318, "lng": -83.476011, "labeledLatLngs": [{"label": "display", "lat": 42.479318, "lng": -83.476011}, {"label": "entrance", "lat": 42.479944, "lng": -83.476276}], "postalCode": "48375", "cc": "US", "city": "Novi", "state": "MI", "country": "United States", "formattedAddress": ["25875 Novi Rd", "Novi, MI 48375", "United States"]}, "categories": [{"id": "4bf58dd8d48988d16a941735", "name": "Bakery", "pluralName": "Bakeries", "shortName": "Bakery", "icon": {"prefix": "https://ss3.4sqi.net/img/categories_v2/food/bakery_", "suffix": ".png"}, "primary": true}], "delivery": {"id": "1251020", "url": "https://www.grubhub.com/restaurant/panera-bread-25875-novi-rd-novi/1251020?affiliate=1131&utm_source=foursquare-affiliate-network&utm_medium=affiliate&utm_campaign=1131&utm_content=1251020", "provider": {"name": "grubhub", "icon": {"prefix": "https://fastly.4sqi.net/img/general/cap/", "sizes": [40, 50], "name": "/delivery_provider_grubhub_20180129.png"}}}, "referralId": "v-1587822286", "hasPerk": false}, {"id": "4b62e76af964a52016582ae3", "name": "Panera Bread", "location": {"address": "9430 Village Place Blvd", "lat": 42.503947, "lng": -83.755311, "labeledLatLngs": [{"label": "display", "lat": 42.503947, "lng": -83.755311}], "postalCode": "48116", "cc": "US", "city": "Brighton", "state": "MI", "country": "United States", "formattedAddress": ["9430 Village Place Blvd", "Brighton, MI 48116", "United States"]}, "categories": [{"id": "4bf58dd8d48988d16a941735", "name": "Bakery", "pluralName": "Bakeries", "shortName": "Bakery", "icon": {"prefix": "https://ss3.4sqi.net/img/categories_v2/food/bakery_", "suffix": ".png"}, "primary": true}], "referralId": "v-1587822286", "hasPerk": false}, {"id": "4aeb6fcdf964a5200bc221e3", "name": "Panera Bread", "location": {"address": "5340 Jackson Rd", "lat": 42.288629, "lng": -83.834828, "labeledLatLngs": [{"label": "display", "lat": 42.288629, "lng": -83.834828}, {"label": "entrance", "lat": 42.288557, "lng": -83.834829}], "postalCode": "48103", "cc": "US", "city": "Ann Arbor", "state": "MI", "country": "United States", "formattedAddress": ["5340 Jackson Rd", "Ann Arbor, MI 48103", "United States"]}, "categories": [{"id": "4bf58dd8d48988d16a941735", "name": "Bakery", "pluralName": "Bakeries", "shortName": "Bakery", "icon": {"prefix": "https://ss3.4sqi.net/img/categories_v2/food/bakery_", "suffix": ".png"}, "primary": true}], "delivery": {"id": "1247334", "url": "https://www.grubhub.com/restaurant/panera-bread-5340-jackson-rd-ann-arbor/1247334?affiliate=1131&utm_source=foursquare-affiliate-network&utm_medium=affiliate&utm_campaign=1131&utm_content=1247334", "provider": {"name": "grubhub", "icon": {"prefix": "https://fastly.4sqi.net/img/general/cap/", "sizes": [40, 50], "name": "/delivery_provider_grubhub_20180129.png"}}}, "referralId": "v-1587822286", "hasPerk": false}, {"id": "4afd767df964a520f72722e3", "name": "Zingerman's Bakehouse", "location": {"address": "3711 Plaza Dr", "crossStreet": "Airport Dr", "lat": 42.232990408190744, "lng": -83.74777467516192, "labeledLatLngs": [{"label": "display", "lat": 42.232990408190744, "lng": -83.74777467516192}, {"label": "entrance", "lat": 42.233218, "lng": -83.747856}], "postalCode": "48108", "cc": "US", "city": "Ann Arbor", "state": "MI", "country": "United States", "formattedAddress": ["3711 Plaza Dr (Airport Dr)", "Ann Arbor, MI 48108", "United States"]}, "categories": [{"id": "4bf58dd8d48988d16a941735", "name": "Bakery", "pluralName": "Bakeries", "shortName": "Bakery", "icon": {"prefix": "https://ss3.4sqi.net/img/categories_v2/food/bakery_", "suffix": ".png"}, "primary": true}], "referralId": "v-1587822286", "hasPerk": false}, {"id": "4ba292cdf964a520940538e3", "name": "Biggby Coffee", "location": {"address": "2550 W Stadium Blvd", "lat": 42.279676508221044, "lng": -83.77978657187674, "labeledLatLngs": [{"label": "display", "lat": 42.279676508221044, "lng": -83.77978657187674}, {"label": "entrance", "lat": 42.279845, "lng": -83.779952}], "postalCode": "48103", "cc": "US", "city": "Ann Arbor", "state": "MI", "country": "United States", "formattedAddress": ["2550 W Stadium Blvd", "Ann Arbor, MI 48103", "United States"]}, "categories": [{"id": "4bf58dd8d48988d1e0931735", "name": "Coffee Shop", "pluralName": "Coffee Shops", "shortName": "Coffee Shop", "icon": {"prefix": "https://ss3.4sqi.net/img/categories_v2/food/coffeeshop_", "suffix": ".png"}, "primary": true}], "referralId": "v-1587822286", "hasPerk": false}, {"id": "59660e164f0e587a1f0f961b", "name": "Victor's Way Caf\u00e9", "location": {"lat": 42.284098, "lng": -83.730974, "labeledLatLngs": [{"label": "display", "lat": 42.284098, "lng": -83.730974}], "postalCode": "48109", "cc": "US", "city": "Ann Arbor", "state": "MI", "country": "United States", "formattedAddress": ["Ann Arbor, MI 48109", "United States"]}, "categories": [{"id": "4bf58dd8d48988d16d941735", "name": "Caf\u00e9", "pluralName": "Caf\u00e9s", "shortName": "Caf\u00e9", "icon": {"prefix": "https://ss3.4sqi.net/img/categories_v2/food/cafe_", "suffix": ".png"}, "primary": true}], "referralId": "v-1587822286", "hasPerk": false}, {"id": "517ee47dd63ea40e9d050f5e", "name": "LifeCafe", "location": {"address": "1700 N Haggerty Rd", "crossStreet": "inside Life Time Fitness", "lat": 42.31907325450139, "lng": -83.44581648709345, "labeledLatLngs": [{"label": "display", "lat": 42.31907325450139, "lng": -83.44581648709345}], "postalCode": "48187", "cc": "US", "city": "Canton", "state": "MI", "country": "United States", "formattedAddress": ["1700 N Haggerty Rd (inside Life Time Fitness)", "Canton, MI 48187", "United States"]}, "categories": [{"id": "4bf58dd8d48988d16d941735", "name": "Caf\u00e9", "pluralName": "Caf\u00e9s", "shortName": "Caf\u00e9", "icon": {"prefix": "https://ss3.4sqi.net/img/categories_v2/food/cafe_", "suffix": ".png"}, "primary": true}], "referralId": "v-1587822286", "hasPerk": false}, {"id": "4bc8fd38937ca593cef8a492", "name": "Mujo Cafe", "location": {"address": "2281 Bonisteel Blvd", "crossStreet": "The Duderstadt Center", "lat": 42.291375164774884, "lng": -83.71592544251902, "labeledLatLngs": [{"label": "display", "lat": 42.291375164774884, "lng": -83.71592544251902}], "postalCode": "48109", "cc": "US", "city": "Ann Arbor", "state": "MI", "country": "United States", "formattedAddress": ["2281 Bonisteel Blvd (The Duderstadt Center)", "Ann Arbor, MI 48109", "United States"]}, "categories": [{"id": "4bf58dd8d48988d1e0931735", "name": "Coffee Shop", "pluralName": "Coffee Shops", "shortName": "Coffee Shop", "icon": {"prefix": "https://ss3.4sqi.net/img/categories_v2/food/coffeeshop_", "suffix": ".png"}, "primary": true}], "referralId": "v-1587822286", "hasPerk": false}, {"id": "4c74fe86ff1fb60c2bdaf4a7", "name": "The Coffee Bean & Tea Leaf", "location": {"address": "Baggage Claim, McNamara Terminal", "lat": 42.20777366966356, "lng": -83.35630877613532, "labeledLatLngs": [{"label": "display", "lat": 42.20777366966356, "lng": -83.35630877613532}], "postalCode": "48242", "cc": "US", "city": "Detroit", "state": "MI", "country": "United States", "formattedAddress": ["Baggage Claim, McNamara Terminal", "Detroit, MI 48242", "United States"]}, "categories": [{"id": "4bf58dd8d48988d1dc931735", "name": "Tea Room", "pluralName": "Tea Rooms", "shortName": "Tea Room", "icon": {"prefix": "https://ss3.4sqi.net/img/categories_v2/food/tearoom_", "suffix": ".png"}, "primary": true}], "referralId": "v-1587822286", "hasPerk": false}, {"id": "54621d61498e61eb8da14145", "name": "illy espressamente", "location": {"address": "Gate A40, Concourse A, McNamara Terminal", "crossStreet": "DTW Airport", "lat": 42.20840383560772, "lng": -83.35750249699358, "labeledLatLngs": [{"label": "display", "lat": 42.20840383560772, "lng": -83.35750249699358}], "postalCode": "48242", "cc": "US", "city": "Detroit", "state": "MI", "country": "United States", "formattedAddress": ["Gate A40, Concourse A, McNamara Terminal (DTW Airport)", "Detroit, MI 48242", "United States"]}, "categories": [{"id": "4bf58dd8d48988d1e0931735", "name": "Coffee Shop", "pluralName": "Coffee Shops", "shortName": "Coffee Shop", "icon": {"prefix": "https://ss3.4sqi.net/img/categories_v2/food/coffeeshop_", "suffix": ".png"}, "primary": true}], "referralId": "v-1587822286", "hasPerk": false}, {"id": "4ca72e6f97c8a1cdf16977a5", "name": "Hamburg Coney Restaurant", "location": {"address": "5958-5998 Michigan 36", "lat": 42.46217346617069, "lng": -83.83296274244564, "labeledLatLngs": [{"label": "display", "lat": 42.46217346617069, "lng": -83.83296274244564}], "postalCode": "48116", "cc": "US", "city": "Hamburg", "state": "MI", "country": "United States", "formattedAddress": ["5958-5998 Michigan 36", "Hamburg, MI 48116", "United States"]}, "categories": [{"id": "4bf58dd8d48988d14e941735", "name": "American Restaurant", "pluralName": "American Restaurants", "shortName": "American", "icon": {"prefix": "https://ss3.4sqi.net/img/categories_v2/food/default_", "suffix": ".png"}, "primary": true}], "referralId": "v-1587822286", "hasPerk": false}, {"id": "45f46a8bf964a520fd431fe3", "name": "Sweetwaters Coffee & Tea Kerrytown", "location": {"address": "407 North 5th Avenue", "lat": 42.28442590637955, "lng": -83.74601949513541, "labeledLatLngs": [{"label": "display", "lat": 42.28442590637955, "lng": -83.74601949513541}], "postalCode": "48104", "cc": "US", "city": "Ann Arbor", "state": "MI", "country": "United States", "formattedAddress": ["407 North 5th Avenue", "Ann Arbor, MI 48104", "United States"]}, "categories": [{"id": "4bf58dd8d48988d16d941735", "name": "Caf\u00e9", "pluralName": "Caf\u00e9s", "shortName": "Caf\u00e9", "icon": {"prefix": "https://ss3.4sqi.net/img/categories_v2/food/cafe_", "suffix": ".png"}, "primary": true}], "venuePage": {"id": "546356988"}, "referralId": "v-1587822286", "hasPerk": false}, {"id": "4b914173f964a5209ead33e3", "name": "People\u2019s Food Co-op Natural Foods Market & Deli", "location": {"address": "216 N 4th Ave", "crossStreet": "Between Ann & Catherine", "lat": 42.28289481997525, "lng": -83.74714188860489, "labeledLatLngs": [{"label": "display", "lat": 42.28289481997525, "lng": -83.74714188860489}, {"label": "entrance", "lat": 42.282881, "lng": -83.747}], "postalCode": "48104", "cc": "US", "city": "Ann Arbor", "state": "MI", "country": "United States", "formattedAddress": ["216 N 4th Ave (Between Ann & Catherine)", "Ann Arbor, MI 48104", "United States"]}, "categories": [{"id": "4bf58dd8d48988d16d941735", "name": "Caf\u00e9", "pluralName": "Caf\u00e9s", "shortName": "Caf\u00e9", "icon": {"prefix": "https://ss3.4sqi.net/img/categories_v2/food/cafe_", "suffix": ".png"}, "primary": true}], "venuePage": {"id": "110977507"}, "referralId": "v-1587822286", "hasPerk": false}, {"id": "4af44b4cf964a52018f121e3", "name": "Panera Bread", "location": {"address": "777 N University Ave", "lat": 42.27879201687151, "lng": -83.73971208930016, "labeledLatLngs": [{"label": "display", "lat": 42.27879201687151, "lng": -83.73971208930016}], "postalCode": "48104", "cc": "US", "city": "Ann Arbor", "state": "MI", "country": "United States", "formattedAddress": ["777 N University Ave", "Ann Arbor, MI 48104", "United States"]}, "categories": [{"id": "4bf58dd8d48988d16a941735", "name": "Bakery", "pluralName": "Bakeries", "shortName": "Bakery", "icon": {"prefix": "https://ss3.4sqi.net/img/categories_v2/food/bakery_", "suffix": ".png"}, "primary": true}], "referralId": "v-1587822286", "hasPerk": false}, {"id": "4bed3e86e3562d7f8eaffef8", "name": "Dimitri's Coney Island", "location": {"address": "620 Highland Ave", "lat": 42.59351636972186, "lng": -83.60480347408873, "labeledLatLngs": [{"label": "display", "lat": 42.59351636972186, "lng": -83.60480347408873}], "postalCode": "48381", "cc": "US", "city": "Milford", "state": "MI", "country": "United States", "formattedAddress": ["620 Highland Ave", "Milford, MI 48381", "United States"]}, "categories": [{"id": "4bf58dd8d48988d14e941735", "name": "American Restaurant", "pluralName": "American Restaurants", "shortName": "American", "icon": {"prefix": "https://ss3.4sqi.net/img/categories_v2/food/default_", "suffix": ".png"}, "primary": true}], "referralId": "v-1587822286", "hasPerk": false}], "confident": false, "geocode": {"what": "", "where": "university of michigan", "feature": {"cc": "US", "name": "University of Michigan", "displayName": "University of Michigan, MI, United States", "matchedName": "University of Michigan, MI, United States", "highlightedName": "<b>University of Michigan</b>, MI, United States", "woeType": 20, "id": "geonameid:5012988", "longId": "72057594042940924", "geometry": {"center": {"lat": 42.27587, "lng": -83.73605}, "bounds": {"ne": {"lat": 42.305026, "lng": -83.692548}, "sw": {"lat": 42.262691, "lng": -83.750299}}}}, "parents": []}}}